url,title,categories,score,filename,last_update
https://ggapp.io/,GG,"Startup, Service, Videogames",2,https_ggapp.io.png,10/11/2018
https://www.kyleads.com/,KyLeads,"Startup, Product, Marketing",2,https_www.kyleads.com.png,10/11/2018
http://contentiskey.co/,Contentiskey,Startup,2,http_contentiskey.co.png,10/11/2018
http://draftss.com/,Draftss,Startup,2,http_draftss.com.png,10/11/2018
http://www.caseygo.com/,Casey,Agency,2,http_www.caseygo.com.png,10/11/2018
http://www.focusmate.com/,Focusmate,Startup,2,http_www.focusmate.com.png,10/11/2018
https://castrio.me/,Anthony Castrio,Personal Website,2,https_castrio.me.png,10/11/2018
https://chartbrew.com/,Chartbrew,"Product, Startup",2,https_chartbrew.com.png,10/11/2018
https://defects.ai/,Defects AI,"Product, Startup",2,https_defects.ai.png,10/11/2018
https://formico.io/,Formico,Agency,2,https_formico.io.png,10/11/2018
https://getblocklab.com/,Block Lab,"Product, Startup",2,https_getblocklab.com.png,10/11/2018
https://getchipbot.com/,ChipBot,"Product, Startup",2,https_getchipbot.com.png,10/11/2018
https://hiringplus.co/,HiringPlus,"Service, Startup",2,https_hiringplus.co.png,10/11/2018
https://instavast.com/instagram-auto-dm-bot/,Instagram Auto DM,"Product, Startup",2,https_instavast.cominstagram-auto-dm-bot.png,10/11/2018
https://soccercruit.com/,soccercruit,Startup,2,https_soccercruit.com.png,10/11/2018
https://tinyvoicemail.com/,TinyVoicemail,"Product, Startup",2,https_tinyvoicemail.com.png,10/11/2018
https://www.cryptotrader.tax/,CryptoTrader.Tax,"Startup, Product",2,https_www.cryptotrader.tax.png,10/11/2018
https://www.designmonk.co/,Designmonk,"Startup, Service",2,https_www.designmonk.co.png,10/11/2018
https://www.frontendmentor.io/,Frontend Mentor,"Startup, Community",2,https_www.frontendmentor.io.png,10/11/2018
https://www.indexframe.com/,indexframe.,"Startup, Product",2,https_www.indexframe.com.png,10/11/2018
https://www.startupcosts.co/,Startup Costs,"Product, Startup",2,https_www.startupcosts.co.png,10/11/2018
https://www.takeshape.io/,TakeShape,"Product, Startup",2,https_www.takeshape.io.png,10/11/2018
https://www.betterment.com/,Betterment,"Product, Startup, Finance",2,https_www.betterment.com.png,10/11/2018
https://www.munahq.com/,Muna,"Product, Startup",2,https_www.munahq.com.png,10/11/2018
https://lambdaschool.com/,Lambda School,"Startup, Community, School",2,https_lambdaschool.com.png,10/11/2018
https://www.ymello.com/,ymello,"Startup, Product",2,https_www.ymello.com.png,10/11/2018
https://www.growthstore.io/,GrowthStore,"Startup, Marketplace",2,https_www.growthstore.io.png,10/11/2018
https://www.uprightlabs.com/,Upright Labs,"Startup, Product, E-Commerce",2,https_www.uprightlabs.com.png,10/11/2018
https://lab.mobi/,Mobi Lab,Agency,2,https_lab.mobi.png,10/11/2018
https://www.humanproofdesigns.com/,Human Proof Designs,"Startup, Product",2,https_www.humanproofdesigns.com.png,10/11/2018
https://gamequitters.com/,Game Quitters,"Startup, Community, Videogames",2,https_gamequitters.com.png,10/11/2018
https://www.imperfectproduce.com/,Imperfect Produce,"Startup, E-Commerce, Food",2,https_www.imperfectproduce.com.png,10/11/2018
https://www.blissfully.com/,Blissfully,"Startup, Product",2,https_www.blissfully.com.png,10/11/2018
https://www.shophush.com/,hush.,"Startup, E-Commerce",2,https_www.shophush.com.png,10/11/2018
https://careguide.com/,CareGuide,"Startup, Service, Marketplace",2,https_careguide.com.png,10/11/2018
https://www.tryadhawk.com/,AdHawk,"Startup, Product",2,https_www.tryadhawk.com.png,10/11/2018
https://mux.com/,Mux,"Startup, Product",2,https_mux.com.png,10/11/2018
https://magicinstruments.com/,Magic Instruments,"Startup, Product, Physical Product",2,https_magicinstruments.com.png,10/11/2018
http://breakoutroom.co/,Breakout Room,"Startup, Service",2,http_breakoutroom.co.png,10/11/2018
https://getrileynow.com/,Riley,"Startup, Product, Service",2,https_getrileynow.com.png,10/11/2018
https://www.longgame.co/,Long Game,"Startup, Product, Finance, Videogames",2,https_www.longgame.co.png,10/11/2018
https://www.emburse.com/,Emburse,"Startup, Finance",2,https_www.emburse.com.png,10/11/2018
https://devpost.com/,Devpost,"Startup, Marketplace, Hackathons",2,https_devpost.com.png,10/11/2018
https://www.freckle.com/,Freckle Education,"Startup, Education",2,https_www.freckle.com.png,10/11/2018
https://bstow.com/,Bstwo,"Product, Marketplace, Charity",2,https_bstow.com.png,10/11/2018
https://troops.ai/,Troops,"Startup, Product",2,https_troops.ai.png,10/11/2018
https://www.calm.com/,Calm,"Startup, Product, Healthcare",2,https_www.calm.com.png,10/11/2018
https://synthace.com/,Synthace,"Science, Biology, Healthcare",2,https_synthace.com.png,10/11/2018
https://www.cureatr.com/,Cureatr,"Startup, Healthcare",2,https_www.cureatr.com.png,10/11/2018
https://www.lovepopcards.com/,Lovepop,"E-Commerce, Retail",2,https_www.lovepopcards.com.png,10/11/2018
https://localizejs.com/,Localize,"Startup, Product, Service",2,https_localizejs.com.png,10/11/2018
https://www.courbanize.com/,coUrbanize,"Service, Real-Estate",2,https_www.courbanize.com.png,10/11/2018
https://voxy.com/,Voxy,"Startup, Service, Education",2,https_voxy.com.png,10/11/2018
https://apptopia.com/,Apptopia,"Startup, Product, Marketing",2,https_apptopia.com.png,10/11/2018
https://citrine.io/,Citrine,"Startup, Product, Manufacturing",2,https_citrine.io.png,10/11/2018
http://robertligthart.com/,Robert Ligthart,Personal Website,2,http_robertligthart.com.png,10/11/2018
https://www.heal.com/,Heal,"Startup, Healthcare",2,https_www.heal.com.png,10/12/2018
https://alto.com/,Alto,"Startup, Healthcare",2,https_alto.com.png,10/12/2018
https://www.virtahealth.com/,Virta Health,"Startup, Healthcare",2,https_www.virtahealth.com.png,10/12/2018
https://www.patientping.com/,Patient Pink,"Startup, Healthcare",2,https_www.patientping.com.png,10/12/2018
https://www.redoxengine.com/,Redox Engine,"Startup, Healthcare",2,https_www.redoxengine.com.png,10/12/2018
https://neighborly.com/,Neighborly,"Startup, Finance",2,https_neighborly.com.png,10/12/2018
https://dependabot.com/,Dependabot,"Product, Startup",3,https_dependabot.com.png,10/11/2018
https://stripe.com/,Stripe,Startup,3,https_stripe.com.png,10/11/2018
https://swimlane.app/,Swimlane,"Product, Startup",3,https_swimlane.app.png,10/11/2018
https://upchannel.com/,UpChannel,Startup,3,https_upchannel.com.png,10/11/2018
https://www.notion.so/,Notion,"Product, Startup",3,https_www.notion.so.png,10/11/2018
https://airtable.com/,Airtable,"Product, Startup",3,https_airtable.com.png,10/11/2018
https://slack.com/,Slack,"Product, Startup",3,https_slack.com.png,10/11/2018
https://www.wealthfront.com/,Wealthfront,"Product, Startup, Finance",3,https_www.wealthfront.com.png,10/11/2018
https://www.robinhood.com/,Robinhood,"Startup, Product, Finance",3,https_www.robinhood.com.png,10/11/2018
https://plaid.com/,Plaid,"Startup, Product, Finance",3,https_plaid.com.png,10/11/2018
https://filament.com/,Filament,"Startup, Product",3,https_filament.com.png,10/11/2018
https://www.truevault.com/,TrueVault,"Startup, Product",3,https_www.truevault.com.png,10/11/2018
https://www.nianticlabs.com/,Niantic,Videogames,3,https_www.nianticlabs.com.png,10/11/2018
https://ironcladapp.com/,Ironclad,"Startup, Product",3,https_ironcladapp.com.png,10/11/2018
https://leapfin.com/,Leapfin,"Startup, Service, Product, Finance",3,https_leapfin.com.png,10/11/2018
http://www.lily.camera/,Lily Camera,"Startup, Product, E-Commerce, Drone",3,http_www.lily.camera.png,10/11/2018
https://www.circlemedical.com/,Circle Medical,"Startup, Healthcare",3,https_www.circlemedical.com.png,10/11/2018
https://www.stilt.com/,Stilt,"Startup, Finance",3,https_www.stilt.com.png,10/11/2018
https://www.hickorytraining.com/,Hickory Training,"Startup, Product",3,https_www.hickorytraining.com.png,10/11/2018
https://www.lendup.com/,LendUp,"Startup, Finance",3,https_www.lendup.com.png,10/11/2018
https://frontapp.com/,Front,"Startup, Product",3,https_frontapp.com.png,10/11/2018
https://turo.com/,Turo,"Startup, Marketplace, Product",3,https_turo.com.png,10/11/2018
https://toymail.co/,Toymail,"Startup, Product, E-Commerce, Children",3,https_toymail.co.png,10/11/2018
https://www.sprucehealth.com/,Spruce,"Startup, Healthcare",3,https_www.sprucehealth.com.png,10/11/2018
https://pantheon.io/,Pantheon,"Startup, Product",3,https_pantheon.io.png,10/11/2018
https://www.arcadiapower.com/,Arcadia Power,"Startup, Product, Energy",3,https_www.arcadiapower.com.png,10/11/2018
https://www.b12.io/,B12,"Startup, Product",3,https_www.b12.io.png,10/11/2018
https://phil.us/patients,Phil,"Startup, Service, Healthcare",3,https_phil.uspatients.png,10/11/2018
https://www.prosper.com/,Prosper,"Startup, Product, Finance",3,https_www.prosper.com.png,10/11/2018
https://canary.is/,Canary,"Startup, Product, Physical Product, E-Commerce, Security",3,https_canary.is.png,10/11/2018
https://www.getbread.com/,Bread,"Startup, Service, Product, Finance, Retail",3,https_www.getbread.com.png,10/11/2018
https://www.pubnub.com/,PubNub,"Product, Startup",3,https_www.pubnub.com.png,10/11/2018
https://percolate.com/,Percolate,"Startup, Product, Marketing",3,https_percolate.com.png,10/11/2018
http://www.vestwell.com/,Vestwell,"Startup, Product, Service, Finance",3,http_www.vestwell.com.png,10/11/2018
https://www.cloudflare.com/,Cloudflare,"Startup, Product, Service, Cloud",3,https_www.cloudflare.com.png,10/11/2018
https://www.cloudways.com/en/,Cloudways,"Startup, Product, Service, Hosting, Cloud",3,https_www.cloudways.comen.png,10/11/2018
https://www.digitalocean.com/,Digital Ocean,"Startup, Product, Service, Hosting, Cloud",3,https_www.digitalocean.com.png,10/11/2018
https://runcloud.io/,RunCloud,"Startup, Product, Service, Hosting, Cloud",3,https_runcloud.io.png,10/11/2018
https://table2site.com/?ref=producthunt,Table2Site,"Startup, Product",3,https_table2site.com_ref=producthunt.png,10/11/2018
https://www.netlify.com/,Netlify,"Startup, Product, Service, Hosting, Cloud",3,https_www.netlify.com.png,10/11/2018
https://cruip.com/,Cruip,Product,3,https_cruip.com.png,10/12/2018
https://www.simplecontacts.com/,Simple Contacts,"Startup, Healthcare, E-Commerce",3,https_www.simplecontacts.com.png,10/12/2018
https://logdna.com/,LogDNA,"Startup, Product",3,https_logdna.com.png,10/12/2018
https://www.nylas.com/,Nylas,"Startup, Product",3,https_www.nylas.com.png,10/12/2018
